{
    "frame_notes": {
        "input": "Blender/Gazebo world coordinates: X=east, Y=north, Z=up",
        "output": "PX4 local NED coordinates: north, east, down, yaw_deg"
    },
    "origin_gazebo_world": {
        "index": 0,
        "x": 127.2769546508789,
        "y": 52.90797805786133,
        "z": 2.6231935024261475
    },
    "yaw_offset_deg": 0.0,
    "waypoints": [
        {
            "source_index": 0,
            "gazebo_world": {
                "x": 127.2769546508789,
                "y": 52.90797805786133,
                "z": 2.6231935024261475
            },
            "enu_offset": {
                "east_m": 0.0,
                "north_m": 0.0,
                "up_m": 0.0
            },
            "px4_ned": {
                "north_m": 0.0,
                "east_m": 0.0,
                "down_m": -0.0
            },
            "speed_to_next_mps": null,
            "yaw_deg": -116.7825164263664
        },
        {
            "source_index": 1,
            "gazebo_world": {
                "x": 89.59864807128906,
                "y": 33.88972473144531,
                "z": 3.516369342803955
            },
            "enu_offset": {
                "east_m": -37.678306579589844,
                "north_m": -19.018253326416016,
                "up_m": 0.8931758403778076
            },
            "px4_ned": {
                "north_m": -19.018253326416016,
                "east_m": -37.678306579589844,
                "down_m": -0.8931758403778076
            },
            "speed_to_next_mps": null,
            "yaw_deg": -109.39865262743959
        },
        {
            "source_index": 2,
            "gazebo_world": {
                "x": 58.02751922607422,
                "y": 22.77260971069336,
                "z": 4.613162040710449
            },
            "enu_offset": {
                "east_m": -69.24943542480469,
                "north_m": -30.13536834716797,
                "up_m": 1.9899685382843018
            },
            "px4_ned": {
                "north_m": -30.13536834716797,
                "east_m": -69.24943542480469,
                "down_m": -1.9899685382843018
            },
            "speed_to_next_mps": null,
            "yaw_deg": -142.34404518238352
        },
        {
            "source_index": 3,
            "gazebo_world": {
                "x": 40.84442901611328,
                "y": 0.5049316883087158,
                "z": 4.493582725524902
            },
            "enu_offset": {
                "east_m": -86.43252563476562,
                "north_m": -52.40304636955261,
                "up_m": 1.8703892230987549
            },
            "px4_ned": {
                "north_m": -52.40304636955261,
                "east_m": -86.43252563476562,
                "down_m": -1.8703892230987549
            },
            "speed_to_next_mps": null,
            "yaw_deg": -91.41009492668222
        },
        {
            "source_index": 4,
            "gazebo_world": {
                "x": 8.270069122314453,
                "y": -0.29691123962402344,
                "z": 4.9168243408203125
            },
            "enu_offset": {
                "east_m": -119.00688552856445,
                "north_m": -53.20488929748535,
                "up_m": 2.293630838394165
            },
            "px4_ned": {
                "north_m": -53.20488929748535,
                "east_m": -119.00688552856445,
                "down_m": -2.293630838394165
            },
            "speed_to_next_mps": null,
            "yaw_deg": -134.20509043940373
        },
        {
            "source_index": 5,
            "gazebo_world": {
                "x": -15.036185264587402,
                "y": -22.965282440185547,
                "z": 5.374832630157471
            },
            "enu_offset": {
                "east_m": -142.3131399154663,
                "north_m": -75.87326049804688,
                "up_m": 2.7516391277313232
            },
            "px4_ned": {
                "north_m": -75.87326049804688,
                "east_m": -142.3131399154663,
                "down_m": -2.7516391277313232
            },
            "speed_to_next_mps": null,
            "yaw_deg": -85.23218326876648
        },
        {
            "source_index": 6,
            "gazebo_world": {
                "x": -41.965553283691406,
                "y": -20.719192504882812,
                "z": 7.381680965423584
            },
            "enu_offset": {
                "east_m": -169.2425079345703,
                "north_m": -73.62717056274414,
                "up_m": 4.7584874629974365
            },
            "px4_ned": {
                "north_m": -73.62717056274414,
                "east_m": -169.2425079345703,
                "down_m": -4.7584874629974365
            },
            "speed_to_next_mps": null,
            "yaw_deg": -136.48975065832386
        },
        {
            "source_index": 7,
            "gazebo_world": {
                "x": -63.470298767089844,
                "y": -43.37234878540039,
                "z": 3.398500442504883
            },
            "enu_offset": {
                "east_m": -190.74725341796875,
                "north_m": -96.28032684326172,
                "up_m": 0.7753069400787354
            },
            "px4_ned": {
                "north_m": -96.28032684326172,
                "east_m": -190.74725341796875,
                "down_m": -0.7753069400787354
            },
            "speed_to_next_mps": null,
            "yaw_deg": -117.43572399668952
        },
        {
            "source_index": 8,
            "gazebo_world": {
                "x": -75.72126007080078,
                "y": -49.732337951660156,
                "z": 3.4566752910614014
            },
            "enu_offset": {
                "east_m": -202.9982147216797,
                "north_m": -102.64031600952148,
                "up_m": 0.8334817886352539
            },
            "px4_ned": {
                "north_m": -102.64031600952148,
                "east_m": -202.9982147216797,
                "down_m": -0.8334817886352539
            },
            "speed_to_next_mps": null,
            "yaw_deg": -117.43572399668952
        }
    ]
}